Party,Handle,Tweet
Democrat,NancyPelosi,#NetNeutrality means you can use the internet how you (not some company) see fit ‚Äì even if that‚Äôs debating about‚Ä¶ https://t.co/juE20ddF7l
Democrat,NancyPelosi,"RT @HouseDemocrats: .@davidcicilline: No senior should spend hours on the phone, shopping around for prescription drugs or struggling to br‚Ä¶"
Democrat,NancyPelosi,Americans have made it clear they are worried about rising prescription drug prices ‚Äì and it‚Äôs no wonder. They dese‚Ä¶ https://t.co/ogkaKQ3iSC
Democrat,NancyPelosi,"From the first day of his campaign, @realDonaldTrump promised to go toe-to-toe with Big Pharma. And now, after mont‚Ä¶ https://t.co/Y69mGUcfHH"
Democrat,NancyPelosi,"RT @HouseDemocrats: LIVE NOW! @repjoecrowley, @NancyPelosi, and @davidcicilline host their weekly press conference üëâ https://t.co/xww9cCTFMK"
Democrat,NancyPelosi,"RT @RepTimWalz: 2 million people will have their access to food threatened if the @HouseGOP passes their hyper-partisan #FarmBill.

That‚Äôs‚Ä¶"
Democrat,NancyPelosi,It‚Äôs time for @SpeakerRyan to finally hold the classified briefing Members need on the steps being taken to‚Ä¶ https://t.co/sGOETwfHDD
Democrat,NancyPelosi,"Here in our Capitol Hill community, we will never forget the loss of USCP Officer Jacob Chestnut &amp; Detective John G‚Ä¶ https://t.co/HBep0sqlZR"
Democrat,NancyPelosi,"Every year, we take a moment to honor the memory &amp; sacrifice of the police officers who have lost their lives in se‚Ä¶ https://t.co/ePaHrcQhzP"
Democrat,NancyPelosi,"As American Muslims come together across the nation to celebrate #Ramadan, we hope this sacred time brings the bles‚Ä¶ https://t.co/rSSmvuS5Xw"
Democrat,NancyPelosi,The #GOPFarmBill only makes SNAP better if you define ‚Äúbetter‚Äù as jeopardizing benefits for nearly 2 million people‚Ä¶ https://t.co/tVBl2svY5x
Democrat,NancyPelosi,"RT @HomelandDems: Unfortunately, the #electionsecurity briefing @SpeakerRyan just announced is unclassified. No way it can properly educate‚Ä¶"
Democrat,NancyPelosi,Wishing the very best to @RepAnthonyBrown. Rest up &amp; we‚Äôll see you back in the People‚Äôs House soon!
Democrat,NancyPelosi,Republicans need to stop lying about the *actual* focus of their #GOPTaxScam (wealthiest 1 percent &gt; seniors &amp; fami‚Ä¶ https://t.co/gnTFqBVfkQ
Democrat,NancyPelosi,".@FLOTUS, hope that you are comfortable &amp; best wishes for a speedy recovery!"
Democrat,NancyPelosi,RT @HispanicCaucus: Trump's anti-immigrant policies are hurting small businesses across the country that can‚Äôt find Americans willing to do‚Ä¶
Democrat,NancyPelosi,.@realDonaldTrump is focused on helping create jobs in China for a company that threatens US national security. Dem‚Ä¶ https://t.co/3kfnmSezKI
Democrat,NancyPelosi,".@SenatorReid, know that you are in good hands at @HopkinsMedicine, glad to hear surgery was successful &amp; praying for your speedy recovery!"
Democrat,NancyPelosi,"As a mother &amp; grandmother, I know that our children are the most precious and important things that life can offer.‚Ä¶ https://t.co/g5faU0Mr0g"
Democrat,NancyPelosi,This #MothersDay I partnered with @ozy to share a few stories and why they are important to me as a mother of 5 and‚Ä¶ https://t.co/dHQj91rEl7
Democrat,NancyPelosi,"This week, I welcomed baseball legend @DavidOrtiz, UNHCR Goodwill Ambassador @KristinDavis and the @MachinistsUnion‚Ä¶ https://t.co/1HDCjnSOJ8"
Democrat,NancyPelosi,"Alongside @RepEBJ, it was my privilege to join @WFSDallas President Laurie Bouillion Larrea and visionary partners‚Ä¶ https://t.co/cCrqBtH0jh"
Democrat,NancyPelosi,.@realDonaldTrump continues breaking his promises. This time by abandoning the millions of hard-working families st‚Ä¶ https://t.co/pDqY8XNqgu
Democrat,NancyPelosi,"Ebola has re-emerged in central Africa, posing a threat to countless innocent men, women &amp; children. Meanwhile,‚Ä¶ https://t.co/5JcWcT2gza"
Democrat,NancyPelosi,"RT @HouseAgDems: As Budget Committee Chairman between 2012 and 2015, Paul Ryan proposed more than $686 billion in cuts to vital farm bill p‚Ä¶"
Democrat,NancyPelosi,#MomsDontNeed to see their children go without the nutritious food that helps them to grow strong ‚Äì but under the‚Ä¶ https://t.co/Zh76ly3m3h
Democrat,NancyPelosi,RT @CongressmanRaja: This attack on @SenJohnMcCain is disgraceful. Senator McCain served his country with honor in uniform and it is unfath‚Ä¶
Democrat,NancyPelosi,RT @RepJudyChu: Republicans voted to repeal the ACA more than 60 times. https://t.co/CgXty3Axbq
Democrat,NancyPelosi,Rising prescription drug prices are forcing roughly one in five Americans to ration the medication that keeps them‚Ä¶ https://t.co/V224L4CBIL
Democrat,NancyPelosi,It‚Äôs time to put an end to the out-of-control growth of prescription drug prices. #ABetterDeal https://t.co/RAY5SJHgyS
Democrat,NancyPelosi,"Democrats are coming together to discuss our plan to offer working families #ABetterDeal on prescription drugs.

Wa‚Ä¶ https://t.co/KzqO3yhKMe"
Democrat,NancyPelosi,The #JCPOA was one of the great diplomatic achievements of our time ‚Äî in no small part because we were able to gain‚Ä¶ https://t.co/YwvUG9JFSy
Democrat,NancyPelosi,.@realDonaldTrump‚Äôs decision to abandon the #JCPOA is no substitute for real global leadership. https://t.co/q37awjcq3t
Democrat,NancyPelosi,"President Trump‚Äôs decision to abandon the Joint Comprehensive Plan of Action will ultimately isolate America, not I‚Ä¶ https://t.co/t3QRuaoaCn"
Democrat,NancyPelosi,Looking forward to attending the 2018 #FiscalSummit hosted by @PGPFoundation tomorrow. Tune in at 1:30 pm ET for my‚Ä¶ https://t.co/5lHBJyPURL
Democrat,NancyPelosi,#NetNeutrality is crucial to ensuring small businesses continue to be the laboratories for new ideas &amp; job creation‚Ä¶ https://t.co/h40kTF7ZV1
Democrat,NancyPelosi,"Grateful to hear that Kim Hak-song, Tony Kim &amp; Kim Dong-chu are on their way home to loved ones after being wrongfu‚Ä¶ https://t.co/quBRf8SOpz"
Democrat,NancyPelosi,Thankful to the hardworking men &amp; women of the @MachinistsUnion for coming out today to share their stories of how‚Ä¶ https://t.co/onDfJYHnMn
Democrat,NancyPelosi,Tune in as we hear straight from workers about the impact of the #GOPTaxScam. https://t.co/ViEBDHyuAE
Democrat,NancyPelosi,If you had told me a year ago that @SpeakerRyan would still be refusing to stand up to @realDonaldTrump &amp; protect t‚Ä¶ https://t.co/sNwJ11IoDN
Democrat,NancyPelosi,Want to see the real impact of the #GOPTaxScam on working people? Tune in at 1:30 pm ET as we hear straight from wo‚Ä¶ https://t.co/Jdqyxdbi0l
Democrat,NancyPelosi,What do the Republicans have against the middle class that they want to ultimately raise taxes on 86 million famili‚Ä¶ https://t.co/95T7G8lwNN
Democrat,NancyPelosi,"While GOP plans to eliminate children‚Äôs health funding to pay for #GOPTaxScam, Dems want to strengthen the middle c‚Ä¶ https://t.co/EJv2fP4TNH"
Democrat,NancyPelosi,Wonderful to join @RepEspaillat in welcoming @davidortiz to Washington for #SemanaDominicana! https://t.co/nHRmktewWj
Democrat,NancyPelosi,Thankful to the @OfficialCBC for always being the conscience of the Congress &amp; standing up for equal justice under‚Ä¶ https://t.co/yY9W6c6bOo
Democrat,NancyPelosi,Today is a sad day for America‚Äôs global leadership.  The Trump Administration‚Äôs dangerous &amp; impulsive action is no‚Ä¶ https://t.co/HEtqmyY2oG
Democrat,NancyPelosi,Democrats have no illusions about the Iranian regime. We remain strongly committed to stopping the advancement of I‚Ä¶ https://t.co/L3CzdudUZ2
Democrat,NancyPelosi,.@realDonaldTrump‚Äôs decision to abdicate American leadership during a critical moment in our effort to advance a de‚Ä¶ https://t.co/7kKeuru1Vo
Democrat,NancyPelosi,The President's decision to follow his misguided &amp; uninformed campaign promise to destroy the successful JCPOA enda‚Ä¶ https://t.co/NgiVyYqTgP
Democrat,NancyPelosi,Experts &amp; our allies all agree that this landmark agreement has been successful in preventing Iran from obtaining a‚Ä¶ https://t.co/NdIothPeEm
Democrat,NancyPelosi,"The Joint Comprehensive Plan of Action is a great diplomatic achievement. Yet, the President has chosen to utterly ignore that reality."
Democrat,NancyPelosi,"This rash decision isolates America, not Iran. https://t.co/u1GOUP6wBR https://t.co/cf8xRi9vWX"
Democrat,NancyPelosi,Being thankful for our teachers is not enough. America‚Äôs educators determine the shape of our country for years to‚Ä¶ https://t.co/6WgviipuOg
Democrat,NancyPelosi,We must stand strong against @realDonaldTrump‚Äôs efforts to undermine the #2020Census. https://t.co/V4otGLbxTi
Democrat,NancyPelosi,RT @RepCummings: It‚Äôs time to send a clear message on the #2020Census that #EveryoneCounts. An undercount will hurt people in red states to‚Ä¶
Democrat,NancyPelosi,The goal of those of us in Congress should *always* be to bridge the divides between our fellow citizens. Our Found‚Ä¶ https://t.co/wPbXOjj5RJ
Democrat,NancyPelosi,Whether it‚Äôs separating immigrant children from their families or stealing from funds dedicated to children‚Äôs healt‚Ä¶ https://t.co/duEftdHfDF
Democrat,NancyPelosi,"But it goes beyond that: anyone who has looked at prices for the goods &amp; services working families depend on, it‚Äôs‚Ä¶ https://t.co/QvvfeKxFVS"
Democrat,NancyPelosi,Putting an end to wage stagnation is central to any effort to reinvigorate our economy &amp; plan for the future. If yo‚Ä¶ https://t.co/4knzawRKRL
Democrat,NancyPelosi,Just a few minutes until I head out on stage for the #POLITICOInterview with @APalmerDC &amp; @JakeSherman to talk abou‚Ä¶ https://t.co/BPDB8tuhOs
Democrat,NancyPelosi,"26 former Israeli military officers &amp; former security agency leaders agree that the #IranDeal is working, saying if‚Ä¶ https://t.co/kdCOXsqtBE"
Democrat,NancyPelosi,Looking forward to joining @APalmerDC &amp; @JakeSherman for tomorrow‚Äôs #POLITICOInterview tomorrow at 8:30 am ET to di‚Ä¶ https://t.co/Z3WEBxhanw
Democrat,NancyPelosi,"Republicans need to take a good, long look at themselves. I can‚Äôt begin to imagine the staggering gall they must ha‚Ä¶ https://t.co/pnRRpLZgsD"
Democrat,NancyPelosi,Economic justice. Environmental justice. Social justice. Our government must be focused on ensuring them all.‚Ä¶ https://t.co/B4mXwzWj62
Democrat,NancyPelosi,Incredibly thankful to each &amp; every person who took the time from planting season to come share their experiences &amp;‚Ä¶ https://t.co/E3YW53hJx2
Democrat,NancyPelosi,"Thrilled to join Aaron Lehman on his father‚Äôs farm in Slater, Iowa. So thankful to him, his wife, Nicole, &amp; friends‚Ä¶ https://t.co/1F5AiT2Jt9"
Democrat,NancyPelosi,RT @RepKClark: I will never forget watching as the @HouseGOP celebrated passing #Trumpcare ‚Äì a vote which caused families across the countr‚Ä¶
Democrat,NancyPelosi,#Trumpcare was nothing short of a moral monstrosity which would have imposed an age tax that would have allowed ins‚Ä¶ https://t.co/5OeGH4VuXN
Democrat,NancyPelosi,".@realDonaldTrump‚Äôs decision to end Temporary Protected Status for 57,000 Hondurans will tear apart families &amp; comm‚Ä¶ https://t.co/4MM2LIlX5R"
Democrat,NancyPelosi,We should be doing more to help families deal with the costs of health care ‚Äì but #Trumpcare would have stolen affo‚Ä¶ https://t.co/3Pdx7RNOo8
Democrat,NancyPelosi,"A year after #Trumpcare, @RepKClark believes more than ever that health care is a right for all ‚Äì not a privilege f‚Ä¶ https://t.co/IV5rqPTZdz"
Democrat,NancyPelosi,"One year after the @HouseGOP rammed through #Trumpcare, we remain thankful to all who helped defeat this monstrous‚Ä¶ https://t.co/d7S3udJMZZ"
Democrat,NancyPelosi,.@realDonaldTrump has proven numerous times his disdain for the rule of law. This comment is just the latest.‚Ä¶ https://t.co/BGLP7UO4e7
Democrat,NancyPelosi,"The story of Jews in America is one of determination &amp; courage. This year, we honor our Jewish communities by pledg‚Ä¶ https://t.co/YcvfRuPVqT"
Democrat,NancyPelosi,RT @EnergyCommerce: The American people have lost faith in the EPA as #PollutingPruitt‚Äôs lies and conflicts of interest continue to snowbal‚Ä¶
Democrat,NancyPelosi,"For generations, Asian Pacific Americans have defended our nation &amp; shared their culture, while overcoming persecut‚Ä¶ https://t.co/yDnb5HYPXt"
Democrat,NancyPelosi,"I don‚Äôt agree with former @HHSgov Secretary Tom Price very often, but it‚Äôs good to know he‚Äôs willing to state the f‚Ä¶ https://t.co/gB5cVdF60b"
Democrat,NancyPelosi,"#ThankYouCecile for your constant, energetic fight to protect health care for women &amp; families across America. Your‚Ä¶ https://t.co/6wSlENv4Jb"
Democrat,NancyPelosi,"Every small business starts with a good idea. With #ABetterDeal, we can make sure more small businesses have the to‚Ä¶ https://t.co/FLbqupfZBA"
Democrat,NancyPelosi,"This week included some special moments with Take Our Daughters &amp; Sons to Work Day here at the Capitol, as well as‚Ä¶ https://t.co/1MdUjxcCln"
Democrat,NancyPelosi,Americans live &amp; work at a pace unlike anything we‚Äôve ever seen before. It‚Äôs time to make sure their government can‚Ä¶ https://t.co/OewpqcPQlv
Democrat,NancyPelosi,"Creativity doesn‚Äôt care about zip codes. By taking these steps, we can unleash the economic potential of Americans‚Ä¶ https://t.co/yYjsvccIXe"
Democrat,NancyPelosi,America‚Äôs workers are the best in the world ‚Äì and deserve the tools to help them stay on top. #ABetterDeal https://t.co/O0ihbrqd4c
Democrat,NancyPelosi,Father Conroy‚Äôs abrupt &amp; unjust dismissal is hard to understand &amp; impossible to support. In all his years of servic‚Ä¶ https://t.co/lDsGRT78of
Democrat,NancyPelosi,Father Pat Conroy‚Äôs service for the last seven years has been a blessing of grace &amp; dignity to the House. It is tru‚Ä¶ https://t.co/fscMOOJQKK
Democrat,NancyPelosi,House Intel Republicans‚Äô fundamentally flawed final report on Russia is the result of a fundamentally flawed invest‚Ä¶ https://t.co/NsyhaBFlHy
Democrat,NancyPelosi,"RT @RepDonBeyer: Welcoming @NancyPelosi and Democratic leaders to Alexandria‚Äôs @NOVAcommcollege to unveil our new economic plan, Tools to S‚Ä¶"
Democrat,NancyPelosi,RT @RepVeasey: Investing in and prioritizing our workforce is the key to #ABetterDeal. American workers should know that Dems in Congress w‚Ä¶
Democrat,NancyPelosi,RT @RepAdams: To protect America‚Äôs role as a global leader we must ensure workers nationwide have the tools for the 21st Century. #ABetterD‚Ä¶
Democrat,NancyPelosi,RT @SkillsCoalition: So heartening to see #ABetterDeal platform considers the future of work. Number one priority is investing in worker tr‚Ä¶
Democrat,NancyPelosi,An economy that works for *all* Americans doesn‚Äôt just happen. We need to give them the tools to succeed.‚Ä¶ https://t.co/BQClqrzMLM
Democrat,NancyPelosi,RT @RepCicilline: Democrats have a REAL plan to give people #ABetterDeal through investing in our workers &amp; reprioritizing groundbreaking r‚Ä¶
Democrat,NancyPelosi,"Today, we announce an ambitious new addition to our plan to give America #ABetterDeal. https://t.co/tEykkO4GUp"
Democrat,NancyPelosi,"RT @HRC: Thanks @NancyPelosi for a great meeting with #LGBTQ activists from around the world, including a group of @HRC Global Innovators,‚Ä¶"
Democrat,NancyPelosi,"With at least seven independent federal investigations into his use of taxpayer dollars, it‚Äôs time to send‚Ä¶ https://t.co/o3hWCt1uCo"
Democrat,NancyPelosi,"One of my favorite days each year is #TakeYourChildToWorkDay, when I get to answer questions from the children of m‚Ä¶ https://t.co/4Rnt9vh0R0"
Democrat,NancyPelosi,Glad to see the Senate take the first steps towards protecting the Mueller investigation. It‚Äôs time for @HouseGOP t‚Ä¶ https://t.co/Ui6y3Uf42t
Democrat,NancyPelosi,I‚Äôm speaking to reporters as @EPAScottPruitt comes to the Hill to answer questions. #CultureOfCorruption https://t.co/fOO3b8LEJO
Democrat,NancyPelosi,"RT @RepTedLieu: Democrats have repeatedly called for investigations into the Trump Admin‚Äôs #CultureOfCorruption. Unfortunately, the GOP-con‚Ä¶"
Democrat,NancyPelosi,Looking forward to welcoming some very special guests for today‚Äôs press conference at 10:45 am ET!‚Ä¶ https://t.co/in0FGsoCNJ
Democrat,NancyPelosi,"Four years after the start of the Flint water crisis, families are still using filters &amp; bottled water. Our fellow‚Ä¶ https://t.co/lzD0W0gfow"
Democrat,NancyPelosi,"This #NationalParkWeek, we recommit to preserving America‚Äôs open spaces for future generations. #MonumentsForAll https://t.co/onSGnevXPA"
Democrat,NancyPelosi,"RT @JohnJHarwood: HUD preparing rent hike of up to $100 a month for 4.5-million families receiving federal housing assistance, per WashPost‚Ä¶"
Democrat,NancyPelosi,The US &amp; France have enshrined the values of freedom &amp; respect for human rights for over 200 years. In his address‚Ä¶ https://t.co/mRQClfjJVw
Democrat,NancyPelosi,Join us as we investigate how surging prescription drug prices impact working families. https://t.co/GTVrzeihEg
Democrat,NancyPelosi,Less than an hour until this afternoon‚Äôs hearing on how prescription drug price increases impact families.‚Ä¶ https://t.co/hzLFD4kkky
Democrat,NancyPelosi,"At 3 pm ET today, House Democrats will hold a hearing with experts &amp; community leaders to discuss the impact of lar‚Ä¶ https://t.co/A2Ov8kq1zG"
Democrat,NancyPelosi,"RT @RepDanKildee: Four years later, Flint families are still recovering from the water crisis and having to use filters &amp; bottled water. In‚Ä¶"
Democrat,NancyPelosi,I cannot say this enough: immigrants are the constant revitalization of America. To not accept that is to reject a‚Ä¶ https://t.co/m3EBfQtd7a
Democrat,NancyPelosi,"I truly have a difficult time wrapping my mind around people who pray on Sunday, only to prey on others during the‚Ä¶ https://t.co/Cm9wwsVFBl"
Democrat,NancyPelosi,This young man‚Äôs story is a reminder of all that America‚Äôs immigrants have to offer. We cannot turn our backs on Am‚Ä¶ https://t.co/JSR234Fyoj
Democrat,NancyPelosi,"When people ask me what we are fighting for, the answer is always the same: the safety &amp; well-being of America‚Äôs ch‚Ä¶ https://t.co/Is2Sa9NJbw"
Democrat,NancyPelosi,The #GOPTaxScam is defined by creating a windfall for a small number of wealthy people &amp; companies ‚Äì while ultimate‚Ä¶ https://t.co/fWjbKOsHA8
Democrat,NancyPelosi,"Protecting #NetNeutrality is a question of ethics, of innovation, and of job creation. #PelosiAtGU"
Democrat,NancyPelosi,Americans deserve to know their personal data is protected. Democrats are currently working to put together an Inte‚Ä¶ https://t.co/UwiCtZVwyr
Democrat,NancyPelosi,#ABetterDeal is about fairness. It‚Äôs about justice. It‚Äôs about listening to the American people and providing solut‚Ä¶ https://t.co/ISUk31iESH
Democrat,NancyPelosi,Democrats are about our future ‚Äì about our children. That is who we spend every day working to support. #PelosiAtGU #ABetterDeal
Democrat,NancyPelosi,About to head on stage for #PelosiAtGU! Tune in here: https://t.co/QV87NsWMNh
Democrat,NancyPelosi,Looking forward to getting the chance to speak with everyone! #ABetterDeal #PelosiAtGU https://t.co/9uhE8H6FVb
Democrat,NancyPelosi,"RT @RepLloydDoggett: Since 2006, the average cost for a year of medication for someone with a chronic disease has more than doubled to over‚Ä¶"
Democrat,NancyPelosi,Looking forward to speaking with everyone who comes out to talk about #ABetterDeal &amp; the issues facing young people‚Ä¶ https://t.co/gAVx35w0HR
Democrat,NancyPelosi,"The common thread seen through the #GOPTaxScam, the #TrumpBudget, &amp; the GOP‚Äôs higher ed proposal? They all sacrific‚Ä¶ https://t.co/Qt2eoDLxG0"
Democrat,NancyPelosi,"Amid rising temperatures, surging seas &amp; record floods, fires &amp; storms, #EarthDay reminds us that bold, ambitious g‚Ä¶ https://t.co/QkiddW1EXF"
Democrat,NancyPelosi,"This week, I joined other Members of Congress to honor our friend, Rep. Louise Slaughter, who passed last month. Ta‚Ä¶ https://t.co/XzXxLaEnWG"
Democrat,NancyPelosi,Wishing my friend @RepBarbaraLee a happy 20th anniversary of her joining the House of Representatives. Your commitm‚Ä¶ https://t.co/rYeqVAaYXw
Democrat,NancyPelosi,"On #JohnMuirDay, we recognize the importance a healthy environment plays in our communities &amp; our daily lives. And‚Ä¶ https://t.co/t3GmuBDARK"
Democrat,NancyPelosi,RT @RepRichardNeal: You can‚Äôt upend the tax system without creating serious problems ‚Äì &amp; we‚Äôre already seeing the #GOPTaxScam creating many‚Ä¶
Democrat,NancyPelosi,.@RepRichardNeal is at the forefront of the fight against the #GOPTaxScam &amp; he‚Äôs calling out the raw deal Republica‚Ä¶ https://t.co/nS1CUt0FHE
Democrat,NancyPelosi,When will this end? Congress has a duty to act. #NeverAgain #EndGunViolence https://t.co/iq5PRPtMrC
Democrat,NancyPelosi,"But at least that secretary in Lancaster, PA got $1.50 more a week, right @SpeakerRyan? #GOPTaxScam https://t.co/ifPC89JKO6"
Democrat,NancyPelosi,"19 years after the Columbine shooting, our hearts are with the victims, survivors &amp; families of Columbine, &amp; our vo‚Ä¶ https://t.co/Qb8ux6DM7O"
Democrat,NancyPelosi,The #GOPTaxScam gave massive tax breaks to massive corporations and the wealthiest 1 percent at the expense of work‚Ä¶ https://t.co/Higrlg8zjO
Democrat,NancyPelosi,The release of #Comey Memos are further proof of @realDonaldTrump‚Äôs contempt for the rule of law. His attempts to i‚Ä¶ https://t.co/dd47HQXSzA
Democrat,NancyPelosi,"RT @RepJimmyPanetta: Proposed changes will impact 23,000 active duty military households across the country enrolled in #SNAP. Our military‚Ä¶"
Democrat,NancyPelosi,"Thankful to @CecileRichards for her kind words. At every turn, we have seen that when #WomenSucceed, America succee‚Ä¶ https://t.co/hB8X1fJpxy"
Democrat,NancyPelosi,Tune in as I speak with reporters in the wake of #TaxDay. https://t.co/tgXi04wHqs
Democrat,NancyPelosi,It was a pleasure to present @littlebigtown with the Creators Leadership Award at the #GRAMMYSOnTheHill. The use of‚Ä¶ https://t.co/LgEI7pnWGS
Democrat,NancyPelosi,It seems every day brings more evidence that @EPAScottPruitt has no business working in public service. He must resign. #BootPruitt
Democrat,NancyPelosi,"RT @RepMcGovern: .@HouseGOP wrote #2018FarmBill in secret behind closed doors. Even as one of the top Democrats on #Agriculture cmte, I did‚Ä¶"
Democrat,NancyPelosi,The Trump Administration‚Äôs #CultureOfCorruption is ‚Äì once again ‚Äì costing the taxpayers dearly. @USTradeRep Lighthi‚Ä¶ https://t.co/aflwOC1IyO
Democrat,NancyPelosi,We will never stop fighting for our fellow Americans in #PuertoRico. While we are still waiting on information as t‚Ä¶ https://t.co/iS32ybFNZw
Democrat,NancyPelosi,"RT @RepAnthonyBrown: #PuertoRico hasn't recovered after #HurricaneMaria. Thousands still without power, scores of schools &amp; businesses shut‚Ä¶"
Democrat,NancyPelosi,This is completely false. The GOP #2018FarmBill cuts over $23 billion in SNAP benefits from hungry Americans. https://t.co/VPz8KdDimy
Democrat,NancyPelosi,"RT @RepTimWalz: Instead of working together with Democrats in good faith, #HouseAg Republicans are taking up their partisan #FarmBill, whic‚Ä¶"
Democrat,NancyPelosi,"RT @RepBRochester: For DE, Agriculture contributes 30,000 jobs and $8B in yearly economic activity. It means a lot to my state, and I'm dis‚Ä¶"
Democrat,NancyPelosi,"RT @IRSnews: Urgent: IRS provides an extra day for taxpayers to file, pay their taxes following system issues. File by midnight, April 18."
Democrat,NancyPelosi,"Tonight is a sad night for America. First Lady Barbara Bush will be remembered for the dignity, civility &amp; spirit s‚Ä¶ https://t.co/AhZ87ZHCvb"
Democrat,NancyPelosi,#TaxDay takeaway you won‚Äôt hear from @SpeakerRyan: #GOPTaxScam has wealthy shareholders celebrating their massive t‚Ä¶ https://t.co/YAaYa7TWub
Democrat,NancyPelosi,Must watch #TaxDay video. The #GOPTaxScam is simply useless when it comes to creating jobs. https://t.co/1NsEJZlzml
Democrat,NancyPelosi,"RT @RepSires: Four months later, the #GOPTaxScam is showing its true colors. Meanwhile, American families desperately wait for real legisla‚Ä¶"
Democrat,NancyPelosi,RT @RepCardenas: ...  The #GOPTaxScam is just another way to claim we can‚Äôt afford Medicaid for California children. #TaxDay
Democrat,NancyPelosi,.@MClyburnFCC leaves behind a record of fighting to keep families connected &amp; making sure the FCC paid attention to‚Ä¶ https://t.co/BdJHVfRxGw
Democrat,NancyPelosi,"RT @RepDavidEPrice: In North Carolina, 60% of benefits in the #GOPTaxScam go to the top 5% of earners. Meanwhile, a minimum wage worker wil‚Ä¶"
Democrat,NancyPelosi,"RT @RepPerlmutter: The #GOPTaxScam favors the wealthy and well-connected in Colorado and other states. Across the country, people at the ve‚Ä¶"
Democrat,NancyPelosi,RT @RepDebDingell: This #TaxDay is also a bitter reminder that tax cuts don't pay for themselves. The GOP tax law paves the way for future‚Ä¶
Democrat,NancyPelosi,RT @RepSchneider: The partisan GOP tax plan was a huge missed opportunity to modernize our tax code and set us on a sustainable fiscal path‚Ä¶
Democrat,NancyPelosi,RT @RepRaulGrijalva: Looks like the American people are recognizing that the #GOPTaxScam was nothing more than a massive transfer of wealth‚Ä¶
Democrat,NancyPelosi,"RT @RepYvetteClarke: This #TaxDay remember, Speaker Ryan once bragged about handing a stunningly paltry tax cut of $1.50 per week to worker‚Ä¶"
Democrat,NancyPelosi,RT @RepBeatty: I bet @realdonaldtrump and his buddies are happy it's #TaxDay. https://t.co/8ss7Krbqam
Democrat,NancyPelosi,You will want to keep this in mind as you hear the @HouseGOP spin the #GOPTaxScam today. #TaxDay https://t.co/ZrY0uP3Hhh
Democrat,NancyPelosi,RT @RepMcEachin: It‚Äôs #TaxDay ‚Äì which means my Republican colleagues will be talking up the #GOPTaxScam until they are blue in the face. Ju‚Ä¶
Democrat,NancyPelosi,There is no excuse for forcing public servants to lie to the American people so the Administration can score politi‚Ä¶ https://t.co/etX7U8RrXt
Democrat,NancyPelosi,"If the President plans to escalate militarily in Syria, he must come to the Congress to ask for an AUMF. Americans‚Ä¶ https://t.co/h1dmLxcdbO"
Democrat,NancyPelosi,"As always, Barbara Bush is a comfort to her friends &amp; family teaching us all how to live full of faith, love &amp; humo‚Ä¶ https://t.co/kElUX1fjmQ"
Democrat,NancyPelosi,From meeting with the first female head of NORTHCOM to meeting with Americans who count on Medicare &amp; Social Securi‚Ä¶ https://t.co/krKXXOnDs6
Democrat,NancyPelosi,".@realDonaldTrump must come to Congress to obtain a new AUMF, present a clear set of objectives, &amp; ultimately hold‚Ä¶ https://t.co/aCpZrWX9pg"
Democrat,NancyPelosi,The latest chemical weapons attack against the Syrian people was a brutally inhuman war crime. Yet one night of air‚Ä¶ https://t.co/vjL5mx0gzo
Democrat,NancyPelosi,RT @RepJohnLarson: ‚ö°Ô∏èNewsflash! #SocialSecurity is insurance that the American people have paid for. 10k baby boomers a day become eligible‚Ä¶
Democrat,NancyPelosi,"On April 14, 2014, 276 schoolgirls were abducted by #BokoHaram in Nigeria. Four years later, 112 of the‚Ä¶ https://t.co/YXtc0nsfB0"
Democrat,NancyPelosi,Trump is clearly trying to send a message with his pardon of Scooter Libby ‚Äì he has no issue with rewarding those w‚Ä¶ https://t.co/6C5XuhHgPq
Democrat,NancyPelosi,.@realDonaldTrump‚Äôs pardon of Scooter Libby makes clear his contempt for the American tradition of the rule of law.
Democrat,NancyPelosi,Our brave men &amp; women in uniform who make sacrifices every day deserve better leadership from their Commander-in-Ch‚Ä¶ https://t.co/tdBpJYeKGC
Democrat,NancyPelosi,RT @RepBillFoster: .@realdonaldtrump has denied the science of #climatechange and let @EPAScottPruitt gut environmental regulations. It‚Äôs d‚Ä¶
Democrat,NancyPelosi,Very much looking forward to talking with the young people of @GUPolitics about the many issues that impact them &amp;‚Ä¶ https://t.co/1mC2bvlF0G
Democrat,NancyPelosi,The Trump Administration's decision to end services that help immigrants understand their legal rights in this coun‚Ä¶ https://t.co/iDw281Q6vJ
Democrat,NancyPelosi,".@HouseGOP‚Äôs #FarmBill proposal seals their betrayal of rural communities &amp; the seniors, veterans, individuals with‚Ä¶ https://t.co/Yu1BBrCtIt"
Democrat,NancyPelosi,"On this day of Remembrance, let us ensure that the lives of all who were lost in the Shoah continue to be a source‚Ä¶ https://t.co/ZOYC4Q7J1c"
Democrat,NancyPelosi,The People‚Äôs House is built on open &amp; honest debate of the issues facing American communities. @SpeakerRyan has mad‚Ä¶ https://t.co/boXHe0QJD6
Democrat,NancyPelosi,"The #GOPTaxScam mortgaged the futures of our seniors, children &amp; families to enrich wealthy corporations &amp; pharmace‚Ä¶ https://t.co/H06LiC9kJb"
Democrat,NancyPelosi,"The @HouseGOP is trying to ransack Medicare, Medcaid &amp; Social Security again. https://t.co/H08czwgETI"
Democrat,NancyPelosi,Just under 30 minutes until I speak live with reporters from the Capitol. Tune in as we discuss the @HouseGOP‚Äôs *mo‚Ä¶ https://t.co/NWk1ttAxfg
Democrat,NancyPelosi,Republicans are lining up to devastate the promise of #SocialSecurity &amp; #Medicare. Democrats are fighting back. https://t.co/b7WxNw543n
Democrat,NancyPelosi,It already is. https://t.co/2CqWTjnPED
Democrat,NancyPelosi,.@SpeakerRyan &amp; @HouseGOP seem to have forgotten that Americans will not stand for their attacks on #Medicare &amp;‚Ä¶ https://t.co/5UOyJSEdfN
Democrat,NancyPelosi,"Happy Birthday to @DoloresHuerta! Today &amp; every day, thank you for all that you do to improve the lives of workers‚Ä¶ https://t.co/Bm035uW7wk"
Democrat,NancyPelosi,"RT @RepDianaDeGette: On #EqualPayDay, we confront the double burden of sexism &amp; racism in the fight to achieve pay equity. Women on average‚Ä¶"
Democrat,NancyPelosi,"RT @RepGwenMoore: Black women make $0.63 for every $1 earned by a man. At the end of the day, this means less rent &amp; food on the table for‚Ä¶"
Democrat,NancyPelosi,"Securing #EqualPay means securing economic justice &amp; opportunity for all people. With the #PaycheckFairnessAct, we‚Ä¶ https://t.co/OT9y9n8Wdz"
Democrat,NancyPelosi,Important reminder for #DREAMers: you can still apply to renew your #DACA protections. Learn more &amp; reapply here:‚Ä¶ https://t.co/lSOD5AtuLv
Democrat,NancyPelosi,RT @RepLoisFrankel: #EqualPayDay recognizes that women must work 3 extra months just to earn the same pay as men! Closing the #GenderWageGa‚Ä¶
Democrat,NancyPelosi,President Trump‚Äôs utter contempt for the rule of law was clear in his disturbing attack on Special Counsel‚Äôs invest‚Ä¶ https://t.co/or6lFazZjs
Democrat,NancyPelosi,"Key takeaways from new @USCBO report:
-#GOPTaxScam driving $1+ trillion annual deficits starting in 2020
-‚Ä¶ https://t.co/Noa3iuDfAh"
Democrat,NancyPelosi,"Congratulations, @SenDuckworth! Wishing the best to you, Bryan, Abigail &amp; little Maile Pearl. I‚Äôm sure she will gro‚Ä¶ https://t.co/x6m2cQAmsW"
Democrat,NancyPelosi,"With Congress coming back to Washington this week, here‚Äôs a look at our Congressional Delegation‚Äôs trip to Jordan,‚Ä¶ https://t.co/k4TID1k02X"
Democrat,NancyPelosi,"If confirmed, another chemical weapons attack by Bashar al-Assad‚Äôs regime against its own people would be a war cri‚Ä¶ https://t.co/a64A7tovs4"
Democrat,NancyPelosi,"RT @HouseDemocrats: Fifty years after the loss of his mentor and friend, Dr. Martin Luther King, Jr., @RepJohnLewis reminds us that real pr‚Ä¶"
Democrat,NancyPelosi,Sitting down for the State of the Union was more painful than standing up for eight hours in heels in order to shar‚Ä¶ https://t.co/KfFVNV9fmz
Democrat,NancyPelosi,"Fifty years after the loss of Dr. King, @RepJohnLewis reminds us that his vision wasn‚Äôt a thing of the past ‚Äì it re‚Ä¶ https://t.co/yQPUjlmoqP"
Democrat,NancyPelosi,"From his service during WWII, to his 30 yrs representing the people of Hawaii in the halls of Congress, Daniel Akak‚Ä¶ https://t.co/SCUoDIAlUZ"
Republican,GOPLeader,"RT @realDonaldTrump: House votes today on Choice/MISSION Act. Who will stand with our Great Vets, caregivers, and Veterans Service Organiza‚Ä¶"
Republican,GOPLeader,"This week, we pay tribute to our fallen heroes and say THANK YOU to the 900K+ sworn officers serving nationwide.‚Ä¶ https://t.co/NtnselnNPG"
Republican,GOPLeader,Thanks @NancyPelosi for endorsing the #TaxCutsandJobsAct! cc: @POTUS #MAGA üá∫üá∏ https://t.co/i6142k3E9W
Republican,GOPLeader,"This is a critical step toward building a more efficient, effective, and accountable government. Today‚Äôs rapidly ch‚Ä¶ https://t.co/PvGluuVZDN"
Republican,GOPLeader,Peace comes through strength. Not through retreat. This is the right move and I applaud the Trump Admin for taking‚Ä¶ https://t.co/ectkYDOyA1
Republican,GOPLeader,üëç The news can‚Äôt be ignored‚Äî#TaxReform is doing great things for ALL Americans. https://t.co/TFSrPLCEds
Republican,GOPLeader,"RT @RepMimiWalters: Boeing is investing $54 million into communities, including reforestation efforts follow last year‚Äôs tragic wildfire se‚Ä¶"
Republican,GOPLeader,RT @RepJohnKatko: Today I joined the hardworking men and women at local employer @DotFoods to highlight the benefits of #TaxReform. Busines‚Ä¶
Republican,GOPLeader,"RT @RepAndyBarr: Critics of the #TaxCutsAndJobsAct are wrong. In April, the government took in a record monthly budget surplus of $218 bill‚Ä¶"
Republican,GOPLeader,"RT @RepTenney: Due to #TaxReform our economy is on the rise &amp; our local economy is continuing on a positive, upward trajectory. Businesses‚Ä¶"
Republican,GOPLeader,"Vicious attacks against our men and women in law enforcement must end. This week, the House will vote to increase p‚Ä¶ https://t.co/AC3ZhQ52YV"
Republican,GOPLeader,Wishing @FLOTUS a complete and restful recovery. https://t.co/D7l97bt87o
Republican,GOPLeader,RT @SteveKnight25: This week is #NationalPoliceWeek. My 18 years on the LAPD was an incredible honor. Take a moment this week to thank an o‚Ä¶
Republican,GOPLeader,"RT @RepStefanik: During #NationalPoliceWeek, we recognize the service of law enforcement officers across the country who risk their lives t‚Ä¶"
Republican,GOPLeader,RT @HurdOnTheHill: The brave men &amp; women of our law enforcement put their lives on the line each day to ensure we can go about our normal l‚Ä¶
Republican,GOPLeader,"RT @RepBost: Every day, law enforcement officers around the country protect our families from harm, keep the peace, and promote the cause o‚Ä¶"
Republican,GOPLeader,"#MISSIONAct will improve veterans‚Äô access to timely and high-quality care they‚Äôve earned, and help modernize‚Ä¶ https://t.co/rNPFbZOXe8"
Republican,GOPLeader,RT @HouseVetAffairs: Veterans Service Organizations are rallying around the VA MISSION Act. Here‚Äôs what they‚Äôre saying: https://t.co/XNrVWi‚Ä¶
Republican,GOPLeader,RT @LeoShane: This week on Capitol Hill -- major vets legislation on the move in the House #VAMISSIONAct https://t.co/OsyVdrzA6G
Republican,GOPLeader,"RT @DrPhilRoe: Great news! My bill, the VA MISSION Act, passed out of committee today &amp; is a transformational, once-in-a-lifetime opportuni‚Ä¶"
Republican,GOPLeader,"RT @SpeakerRyan: The @DeptVetAffairs needs to be refocused toward effectively serving our nation‚Äôs heroes. That‚Äôs why this week, the House‚Ä¶"
Republican,GOPLeader,"Jerusalem is the capital of Israel‚Äìif acknowledging truth inspires violence, it is those who commit the violence, n‚Ä¶ https://t.co/AS7bBqeECi"
Republican,GOPLeader,RT @VP: The miracle of Israel is an inspiration to the world. And the United States of America is proud to stand with Israel and her people‚Ä¶
Republican,GOPLeader,RT @KeithRothfus: Today we celebrate the historic opening of the U.S. Embassy in #Jerusalem. In recognizing this monumental event and Israe‚Ä¶
Republican,GOPLeader,"RT @RepBrianMast: Like every other sovereign nation, Israel has the right to determine its own capital. The United States is finally recogn‚Ä¶"
Republican,GOPLeader,RT @RepLaMalfa: I'm very pleased to see the U.S. Embassy in Jerusalem is finally becoming a reality. This is a historic day for the U.S. an‚Ä¶
Republican,GOPLeader,"""All that I am, or hope to be, I owe to my angel mother."" - Abraham Lincoln

Happy Mother‚Äôs Day! https://t.co/Dmuo5ghsjV"
Republican,GOPLeader,It‚Äôs time to give the bloated federal budget a much-needed spring cleaning! Together w/ @POTUS we‚Äôre making governm‚Ä¶ https://t.co/qtFfbqv0Tk
Republican,GOPLeader,"Charter schools make a world of difference in the lives of students, families, and their communities. Join me in ce‚Ä¶ https://t.co/ySfecR7rSq"
Republican,GOPLeader,The power to tax is the power to destroy. Californians shouldn't have to pay more at the pump because Dems in Sacra‚Ä¶ https://t.co/VAuATCKn8I
Republican,GOPLeader,"RT @cathymcmorris: With the #ABLE provisions in #taxreform, we are giving people with disabilities, like Down syndrome, an opportunity for‚Ä¶"
Republican,GOPLeader,RT @RepKevinBrady: Our economy is thriving thanks to #TaxReform. There are now 6.6 million job openings ‚Äì a record high. And we're just get‚Ä¶
Republican,GOPLeader,"RT @IvankaTrump: The #TaxCutsandJobsAct is helping American workers! Already, over 500 American employers have announced bonuses or pay inc‚Ä¶"
Republican,GOPLeader,"RT @RepMimiWalters: The good news keeps coming! Two additional #CA companies, ecUtopia and MEC Arial Work Platforms, announced employee bon‚Ä¶"
Republican,GOPLeader,"RT @KeithRothfus: With #taxreform we are getting our people back in the game again, empowering them with hope, skills, and opportunity to b‚Ä¶"
Republican,GOPLeader,"RT @RepDavidYoung: Thank you to all of the teachers who work hard, put in the extra hours, and go above and beyond to educate our children.‚Ä¶"
Republican,GOPLeader,"RT @RepTenney: As part of my tour of small businesses across the 22nd District, I visited @AP_MasterImages. As a result of tax reform, A&amp;P‚Ä¶"
Republican,GOPLeader,RT @SteveKnight25: Utility bills around the country are dropping thanks to Tax Reform. Just another of the growing list of benefits for eve‚Ä¶
Republican,GOPLeader,"RT @RepAndyBarr: Thanks to the #TaxCutsandJobsAct and our booming economy, the CBO revised its economic forecast to project the higher rate‚Ä¶"
Republican,GOPLeader,"#TBT @WhipHoyer: rescinding wasteful spending is ‚Äúa reasonable thing to do.‚Äù 

I agree! Every member of Congress sh‚Ä¶ https://t.co/mYcCatNO7A"
Republican,GOPLeader,#TaxReform is #ABetterDeal ‚Üì https://t.co/v8YHvmd6Qv
Republican,GOPLeader,"RT @realDonaldTrump: On behalf of the American people, WELCOME HOME! https://t.co/hISaCI95CB"
Republican,GOPLeader,"""Honor to the Soldier and Sailor everywhere, who bravely bears his country's cause."" - Lincoln üá∫üá∏ https://t.co/8FpRz14Au1"
Republican,GOPLeader,"üëç This afternoon @POTUS rescission proposal was introduced as H.R. 3, the Spending Cuts to Expired and Unnecessary‚Ä¶ https://t.co/oZ3fjByhz4"
Republican,GOPLeader,"Democrats shouldn‚Äôt #resist the Trump tax cuts. #TaxReform is #ABetterDeal for ALL Americans. #MAGA 
‚úÖ Unemployment‚Ä¶ https://t.co/j93qoVIhK0"
Republican,GOPLeader,"I support smart diplomacy to keep America safe, but we must oppose bad deals that give our enemies a pathway to a n‚Ä¶ https://t.co/CcbUs5fIYY"
Republican,GOPLeader,RT @realDonaldTrump: Secretary Pompeo and his ‚Äúguests‚Äù will be landing at Andrews Air Force Base at 2:00 A.M. in the morning. I will be the‚Ä¶
Republican,GOPLeader,"Through his action today, @POTUS sent a strong signal to Iran and other foreign adversaries that nuclear proliferat‚Ä¶ https://t.co/BY6AJnGe2w"
Republican,GOPLeader,Cutting wasteful spending should not be a partisan exercise. It‚Äôs time to give the bloated federal budget a much-ne‚Ä¶ https://t.co/aMbWanLfmK
Republican,GOPLeader,A true honor to present eight medals including the Bronze Star to WWII #veteran Walter Easley for his service to ou‚Ä¶ https://t.co/xEaref3uAa
Republican,GOPLeader,"This deal isn‚Äôt even worth the paper it is written on. Iran must be stopped, not rewarded. #IranDeal https://t.co/mOOFXRsDww"
Republican,GOPLeader,"RT @RepKevinYoder: The Great American Comeback continues:

‚úÖ Unemployment below 4%üìâ
‚úÖ Lowest jobless rate since 2000üìâ
‚úÖ Fastest wage growth‚Ä¶"
Republican,GOPLeader,RT @RepDavidValadao: The Central Valley is home to our nation‚Äôs hardest workers and most innovative minds. Proud to team up with MEC Aerial‚Ä¶
Republican,GOPLeader,RT @RepDavidYoung: Tax relief is working for Iowa families. Small businesses are investing in our communities and our economy is growing. #‚Ä¶
Republican,GOPLeader,"RT @KeithRothfus: Our economy is roaring back to life thanks #TaxReform &amp; #RegulatoryReform:
 
‚úÖRecord 3.9% Unemployment Rate
‚úÖLowest Ever‚Ä¶"
Republican,GOPLeader,RT @RepRodBlum: Celebrating the positive impacts of the #TaxCutsAndJobsAct with @JobCreatorsUSA this morning during #SmallBusinessWeek. Tha‚Ä¶
Republican,GOPLeader,RT @RepErikPaulsen: Thank you to Incentive Services in Edina for inviting me to learn more about their business and the benefits they've se‚Ä¶
Republican,GOPLeader,"RT @RepMimiWalters: Thanks to #TaxReform, many rate-payers across America are seeing lower utility bills and keeping more of their hard ear‚Ä¶"
Republican,GOPLeader,"RT @RepLaMalfa: Thanks to the #TaxCutsandJobsAct, many businesses are already re-investing savings, most notably in the form of higher wage‚Ä¶"
Republican,GOPLeader,One of the true honors of my job is spending time w/ #HonorFlight veterans. These men and women are the true embodi‚Ä¶ https://t.co/c8tvsq7AW4
Republican,GOPLeader,"RT @RepDonBacon: Because of tax and regulatory reforms, small business optimism is at a 30-year high. Our economy is growing, unemployment‚Ä¶"
Republican,GOPLeader,.@POTUS and the Republican majorities in Congress are taking steps to cut wasteful spending and restore our fiscal‚Ä¶ https://t.co/VQu1cVDxM1
Republican,GOPLeader,"RT @dcexaminer: ""How we're cutting spending with President Trump"" https://t.co/nB6tFhcJRx by @GOPLeader https://t.co/dyhZszs8sC"
Republican,GOPLeader,"We proudly salute the selflessness, bravery, and valor of our men and women in uniform. Thank you for your service!‚Ä¶ https://t.co/7MIQ9tfvZs"
Republican,GOPLeader,RT @WhiteHouse: The unemployment rate is down to 3.9% in April. That is the lowest rate since December 2000.
Republican,GOPLeader,‚ÄúSmall business employees saw their WAGES GROW last month at the strongest rate in more than two years‚Ä¶‚Äù https://t.co/RuXcrs6YWz #TaxReform
Republican,GOPLeader,"RT @RepBrianMast: Now, we have the great opportunity to hire a wounded warrior fellow to expand our services to vets in our community at th‚Ä¶"
Republican,GOPLeader,"#TaxReform is #MAGA
Unemployment ‚Üì
Wages ‚Üë
Consumer Confidence ‚Üë
Utility Bills ‚Üì https://t.co/R6r2dAlQha"
Republican,GOPLeader,"RT @WhiteHouse: Under President Trump‚Äôs leadership, small business optimism and the economy have reached historic levels. More: https://t.c‚Ä¶"
Republican,GOPLeader,"üëç ‚Äú#SmallBiz owners are overhauling their ‚Äò18 business plans as a result of the sweeping federal TAX CUTS, with man‚Ä¶ https://t.co/osTc72VUMs"
Republican,GOPLeader,Today we salute those who‚Äôve received the #SilverStar and remember the sacrifices of our wounded and ill veterans.‚Ä¶ https://t.co/TgTlxbZfs9
Republican,GOPLeader,"RT @RepComstock: Our Small Business of the Day is a woman-owned start up in Chantilly, @lendabox, that specializes in environmentally frien‚Ä¶"
Republican,GOPLeader,"#TaxReform is working ‚Üí unemployment rate remains at a 17-year low, economic growth is accelerating, business and c‚Ä¶ https://t.co/IH1G8iVBQ2"
Republican,GOPLeader,"RT @FLOTUS: National #TakeBackDay is one step closer to fighting the #OpioidEpidemic.  Parents, take action and get rid of unneeded medicat‚Ä¶"
Republican,GOPLeader,By modernizing and supporting our airport #infrastructure -- a more efficient and reliable transportation of people‚Ä¶ https://t.co/JMujIl42hH
Republican,GOPLeader,"RT @Transport: #HR4 isn't all about aviation. It also contains the Disaster Recovery Reform Act, which will help our communities be better‚Ä¶"
Republican,GOPLeader,"RT @SpeakerRyan: Updates to our country‚Äôs #infrastructure are long overdue. This year‚Äôs #FAA reauthorization ‚Ü¥
‚úîÔ∏èRestores US aviation indus‚Ä¶"
Republican,GOPLeader,This Administration and Congress remain steadfast in our work to hold #Iran and their business-backed accomplices a‚Ä¶ https://t.co/LC83UHj512
Republican,GOPLeader,"The streak continues! Congrats @rep_stevewomack on casting your 5,000th consecutive vote in the House. üá∫üá∏ https://t.co/31CQJ1Ml15"
Republican,GOPLeader,RT @statedeptspox: Mike Pompeo has been sworn in today as the 70th U.S. Secretary of State. https://t.co/hJVQnV27Po
Republican,GOPLeader,"RT @SecretaryAcosta: Manufacturing is coming back under @POTUS. In February, there were 380,000 new hires. Last month, orders for manufactu‚Ä¶"
Republican,GOPLeader,"""The number of Americans applying for unemployment benefits fell to the lowest level since 1969"" #MAGA üá∫üá∏  https://t.co/G8B2MCwEED"
Republican,GOPLeader,RT @WSJecon: The share of Americans expecting their incomes to decline over the next six months fell to the lowest level since December 200‚Ä¶
Republican,GOPLeader,"RT @RepJeffDenham: ""Of course, as nice as it is that the rail authority will try to better manage the disaster that is the bullet train mov‚Ä¶"
Republican,GOPLeader,"üëç¬†‚ÄúConsumer confidence rebounds close to 18-year high‚Ä¶. Millions of Americans have found jobs, the unemployment rat‚Ä¶ https://t.co/DVXiTNO2zW"
Republican,GOPLeader,RT @RepSeanDuffy: #TaxReform is doing wonders for our growing American economy! https://t.co/MSGXg2lCqw
Republican,GOPLeader,"RT @MikeKellyPA: Glad to help @Erie_Insurance celebrate their 93rd anniversary at last week's ""topping out"" ceremony in downtown #Erie! Als‚Ä¶"
Republican,GOPLeader,"RT @RepDonBacon: More good news following passage of #taxreform: ‚ÄúThe total amount Werner is putting back into its business, from raises to‚Ä¶"
Republican,GOPLeader,"RT @RepRatcliffe: Savings from the #taxcutsandjobsact allowed Cypress Bank to pay its employees $50,000 in hard-earned bonuses. https://t.c‚Ä¶"
Republican,GOPLeader,This bill will create a more innovative and transparent regulatory environment to ensure continued American excepti‚Ä¶ https://t.co/Wc2tOFUJ1E
Republican,GOPLeader,"By modernizing the regulations governing disaster relief and reforming the Stafford Act, recovery builders can focu‚Ä¶ https://t.co/40kOHUSOFt"
Republican,GOPLeader,Continued prayers for @GeorgeHWBush and the entire Bush family. https://t.co/VxiMJxNybW
Republican,GOPLeader,"As a matter of principle, global security agreements must be verifiable, enforceable, and accountable. The‚Ä¶ https://t.co/q6PLAEmsVr"
Republican,GOPLeader,RT @RepMimiWalters: ‚ÄúWe introduced #FOSTA because it is heartbreaking to watch survivors struggle to piece their lives back together while‚Ä¶
Republican,GOPLeader,"RT @RepBrianMast: Bipartisan bills we passed this week will strengthen cybersecurity, increase protections against identity theft and drama‚Ä¶"
Republican,GOPLeader,RT @RepKevinYoder: I was an early supporter of this innovative provision and helped make sure it was included in the #TaxCutsandJobsAct - r‚Ä¶
Republican,GOPLeader,"RT @RepDavidYoung: The House passed my bill, the Justice for Victims of IRS Scams and Identity Theft Act of 2018, on Wednesday. We need to‚Ä¶"
Republican,GOPLeader,RT @RepRodBlum: Big win for Iowans! @alliantenergy to pass their tax cut savings to customers. https://t.co/y9XjvqkoNg
Republican,GOPLeader,"RT @ChronOpinion: President #Trump made infrastructure a fundamental plank of his campaign because as a builder, he understands how importa‚Ä¶"
Republican,GOPLeader,"RT @FoxBusiness: .@GOPLeader on rescission: ""It's our ability to go back, find waste, and I think any member of Congress on any side of the‚Ä¶"
Republican,GOPLeader,RT @FreeBeacon: .@GOPLeader Blasts Democrats‚Äô Opposition to Pompeo‚Äôs Nomination: ‚ÄòPure Politics‚Äô https://t.co/i69AzuHOZQ
Republican,GOPLeader,It's time for Democrats to stop playing politics. It's time to #ConfirmPompeo. My discussion with @MariaBartiromo üëá https://t.co/ODwgpTTDlv
Republican,GOPLeader,"RT @DrPhilRoe: Did you know, thanks to tax reform, $4 billion in bonuses have been given to hard-working Americans across the country? The‚Ä¶"
Republican,GOPLeader,"RT @KeithRothfus: PASSED: An overwhelmingly bipartisan, comprehensive overhaul of the #IRS in 20 years.

‚úÖTax Payer First (HR 5444)
‚úÖ21st C‚Ä¶"
Republican,GOPLeader,RT @RepCurbelo: #OpportunityZones are a major component of the #TaxReform legislation passed late last year. This will drive investment to‚Ä¶
Republican,GOPLeader,"RT @RepAndyBarr: Did you know that by cutting the corporate tax rate, the #TaxCutsandJobsAct could actually lower your electric bill?

Lear‚Ä¶"
Republican,GOPLeader,RT @RepJeffDenham: Bureaucrats in Sacramento want to waste $170 million on a taxpayer-funded experiment to protect fish that are already be‚Ä¶
Republican,GOPLeader,RT @RepErikPaulsen: Have a 401(k)? #TaxReform is working for you. Learn how stock buybacks are good news for the more than 50% of American‚Ä¶
Republican,GOPLeader,RT @RepBost: One of my proudest accomplishments in Congress was getting signed into law my bill to streamline the veterans' benefits appeal‚Ä¶
Republican,GOPLeader,"RT @RepDonBacon: Growing economy, growing employment, growing wages, growing optimism! https://t.co/uSPjEhQ9C0"
Republican,GOPLeader,"RT @CongCulberson: ICYMI: @GOPLeader &amp; I penned an op-ed for @HoustonChron highlighting the need to:

- Modernize regulations governing dis‚Ä¶"
Republican,GOPLeader,On time and under budget. Together with @POTUS we are making America‚Äôs #infrastructure sturdy again. https://t.co/AMLSsxPoGd
Republican,GOPLeader,"üëç ""Lawmakers agreed to a ban on the consumption of dogs and cats in the House #2018FarmBill‚Äù https://t.co/GhRknFyVY9"
Republican,GOPLeader,NEXT WEEK ‚Üí the House will vote to reauthorize the #FAA and give @FEMA the tools and oversight needed to strengthen‚Ä¶ https://t.co/eFGE9oNAKw
Republican,GOPLeader,"RT @RepMimiWalters: Over 500 companies have announced bonuses, wage increases, or increased investment into employee benefits since #TaxRef‚Ä¶"
Republican,GOPLeader,"RT @KeithRothfus: Thanks to #taxreform and regulatory relief, manufacturers‚Äô optimism is at historic levels. This is big for Western #PA. h‚Ä¶"
Republican,GOPLeader,RT @RepJasonLewis: NAM Manufacturers‚Äô Outlook Survey says projected wage growth is at a 17-year high &amp; manufacturers‚Äô projected growth rate‚Ä¶
Republican,GOPLeader,"RT @RepAndyBarr: Thanks to the savings from the #TaxCutsandJobsAct, @Kroger will hire 11,000 employees and invest $500 million in associate‚Ä¶"
Republican,GOPLeader,RT @RepDavidYoung: The new tax code doubles the child tax credit and the House Ways and Means Committee estimates the typical middle-income‚Ä¶
Republican,GOPLeader,"#CAHSR is a national disgrace. With no federal money and no current private sector investment, this project is now‚Ä¶ https://t.co/au5xPVO56G"
Republican,GOPLeader,Our new tax code sets up American workers for success. ‚Üí ‚ÄúNearly 500 American employers have announced bonuses or p‚Ä¶ https://t.co/GzUdOZCBlm
Republican,GOPLeader,"Our entire nation mourns the passing of this great woman, and we pray for the entire Bush and Pierce families."
Republican,GOPLeader,"She served as a role model of grace, dignity, and selflessness to us all, especially though her legacy supporting a‚Ä¶ https://t.co/peypOIhgVQ"
Republican,GOPLeader,"Barbara Bush lived out every day as a devoted wife, mother, and public servant."
Republican,GOPLeader,"Paychecks are going UP, taxes are going DOWN, and America is once again OPEN FOR BUSINESS! #TaxDay https://t.co/q6yMTOyZl8"
Republican,GOPLeader,".@RepMikeBishop‚Äôs, 21st Century IRS Act requires the IRS to improve cybersecurity and identity protection, especial‚Ä¶ https://t.co/BhN8IzvnGn"
Republican,GOPLeader,"The #TaxpayerFirst Act by @RepLynnJenkins orders the #IRS to restructure to fit our new, simplified tax code, deman‚Ä¶ https://t.co/Zvi300wBUO"
Republican,GOPLeader,This week the House is voting to make some major reforms at the #IRS. Fairness is our guide and accountability is t‚Ä¶ https://t.co/KH4j00Wrf7
Republican,GOPLeader,"RT @RepMimiWalters: Today marks the final time that Americans will file their taxes under our old, unfair tax code!  #TaxReform #TaxDay htt‚Ä¶"
Republican,GOPLeader,"RT @RepKevinBrady: Championed by both Republicans and Democrats on the Ways and Means Committee, we are moving forward a package of nine bi‚Ä¶"
Republican,GOPLeader,"RT @RepMikeBishop: The bipartisan 21st Century IRS Act, legislation I introduced to modernize IRS information technology &amp; protect against‚Ä¶"
Republican,GOPLeader,"This is our last year ever filing under this ridiculous, complicated, punitive tax code. Next year we‚Äôll all benefi‚Ä¶ https://t.co/3MaBD8sYwY"
Republican,GOPLeader,"RT @RepDavidValadao: With tax day upon us, IRS related scams are on the rise which is why the House will vote on several bills this week to‚Ä¶"
Republican,GOPLeader,RT @RepJasonLewis: Visited Southview Design in Eagan to discuss their work in landscaping &amp; hear how tax reform will positively impact thei‚Ä¶
Republican,GOPLeader,.@RepJeffDenham is exactly right‚Äìfor too long the necessary planning to build a stronger water future has been negl‚Ä¶ https://t.co/bePO3q1uvy
Republican,GOPLeader,The barbarism from the Assad regime will not be tolerated. America and its allies are together to deliver the conse‚Ä¶ https://t.co/vwmXHVNiPR
Republican,GOPLeader,"Good jobs, a booming economy, higher wages, and lower taxes. This is America‚Äôs comeback. Our work with @POTUS is ju‚Ä¶ https://t.co/TGHmZMtcYG"
Republican,GOPLeader,RT @RepTenney: I spoke on the floor to recognize thousands of families across NY-22 &amp; throughout upstate NY who have felt the real impact o‚Ä¶
Republican,GOPLeader,RT @RepJeffDenham: Yesterday I spoke on the positive impacts of the Tax Cuts and Jobs Act in a speech on the floor of the U.S. House of Rep‚Ä¶
Republican,GOPLeader,"On this day, we remember the 11 million people, including six million Jews, who were murdered during the Holocaust.‚Ä¶ https://t.co/z83E4n6GAc"
Republican,GOPLeader,RT @realDonaldTrump: Honored to have Republican Congressional Leadership join me at the @WhiteHouse this evening. Lots to discuss as we con‚Ä¶
Republican,GOPLeader,RT @IvankaTrump: This is an important day in the fight against human trafficking as this bipartisan legislation officially becomes law. Tha‚Ä¶
Republican,GOPLeader,"Obviously, today is a sad day for me personally and for our conference, but @SpeakerRyan‚Äôs selfless leadership has‚Ä¶ https://t.co/hbSvmwQDcK"
Republican,GOPLeader,Paul is one of my best friends. He has fearlessly led this conference and championed ideas that are moving this cou‚Ä¶ https://t.co/dqeOQc3xrK
Republican,GOPLeader,Spot on ‚Üí ‚ÄúHigh-speed rail is about convenience; water is a basic human need. Where do I get my ‚Äúdams not trains‚Äù s‚Ä¶ https://t.co/da5FbJibV1
Republican,GOPLeader,RT @RepJasonLewis: Met w/ the Founder &amp; CEO of Ameritek Int. to discuss his manufacturing business &amp; how tax reform is benefiting it! Back‚Ä¶
Republican,GOPLeader,RT @RepBost: I chatted w/ employees at @Lowes in Belleville about the positive effects of #TaxReform. Lowe's is one of 100s of job creators‚Ä¶
Republican,GOPLeader,RT @RepAndyBarr: One of the many benefits of the #TaxCutsandJobsAct is the creation of new job opportunities for Kentuckians. Since the cor‚Ä¶
Republican,GOPLeader,"RT @RepBrianMast: As a result of our tax cuts bill, @UPS made a $5 billion voluntary contribution to its employees‚Äô pension plan and is inv‚Ä¶"
Republican,GOPLeader,"RT @RepErikPaulsen: Today's #TaxReform good news story that shows the #TaxCutsandJobsAct is helping all employees, including hourly wage ea‚Ä¶"
Republican,GOPLeader,"RT @RepJasonLewis: Happy to stop by the Burnsville branch of US Bank-- recently, they gave 60,000 employees a $1,000 bonus thx to historic‚Ä¶"
Republican,GOPLeader,"RT @SteveKnight25: Thanks to the new tax law, McDonald‚Äôs is expanding its employee education benefits program to help their team members pa‚Ä¶"
Republican,GOPLeader,"RT @RepJohnKatko: .@Target acted with great optimism &amp; confidence during tax reform talks to increase minimum wage for employees. Indeed, t‚Ä¶"
Republican,GOPLeader,RT @CongCulberson: ICYMI: Small-business confidence hits record high in 2018 because of #taxreform  https://t.co/OCD8Jdus9d #TX07
Republican,GOPLeader,"RT @RepMikeCoffman: Today, I visited w/ Metro Brokers DTC &amp; New Horizons Primary Care to discuss #TaxCutsandJobsAct and the + impact on the‚Ä¶"
Republican,GOPLeader,"RT @RepRodBlum: Major wins for Iowa following the passage of the Tax Cuts &amp; Jobs Act - utility savings, bonuses, pay raises, investments in‚Ä¶"
Republican,GOPLeader,"RT @RepMikeBishop: Great news! As a result of the #TaxCutsandJobsAct, @McDonalds is expanding their education benefits program. https://t.c‚Ä¶"
Republican,GOPLeader,RT @RepAndyBarr: It was a pleasure to meet with local Bourbon County business leaders at @hartfieldandco this afternoon for a tax reform ro‚Ä¶
Republican,GOPLeader,RT @RepDonBacon: Enjoyed being a barista for a day! This Starbucks in Papillion is dedicated to helping veterans &amp; military families. @Star‚Ä¶
Republican,GOPLeader,"RT @RepComstock: We had a great discussion with @JayTimmonsNAM, CEO of @ShopFloorNAM, and the hardworking employees at @thermofisher in Mid‚Ä¶"
Republican,GOPLeader,For nearly a century the use of chemical weapons in war has been outlawed as utterly inhumane and unconscionable. T‚Ä¶ https://t.co/UefMYuxefp
Republican,GOPLeader,Welcome back home to California! Another positive result of #TaxReform. https://t.co/wuMo6YXcKQ
Republican,GOPLeader,RT @Bakersfieldcali: Merle Haggard to be honored Friday with post office building https://t.co/YE1uSDEzKD via @Bakersfieldcali
Republican,GOPLeader,"If you can‚Äôt fly then run, if you can‚Äôt run then walk, if you can‚Äôt walk then crawl, but whatever you do you have t‚Ä¶ https://t.co/9ke9V8Isus"
Republican,GOPLeader,Happy Easter! https://t.co/JDVTo5jFO4
Republican,GOPLeader,"RT @RepBost: #TaxReform works:
‚òëÔ∏èBonuses
‚òëÔ∏èHigher Wages
‚òëÔ∏èBigger Paychecks
https://t.co/PIpHodq7Yh"
Republican,GOPLeader,"America is coming back. With more Americans working and the future finally looking up, Congress will continue to wo‚Ä¶ https://t.co/L6IOrQbzPA"
Republican,GOPLeader,"RT @SteveKnight25: Today is Vietnam Veterans Day. My father, Pete Knight, flew more than 250 combat missions in Vietnam. Let us never forge‚Ä¶"
Republican,GOPLeader,#RightToTry isn‚Äôt a partisan issue‚Äìit‚Äôs a human dignity issue. People fighting for their lives should have access t‚Ä¶ https://t.co/n3qS4IZqQo
Republican,GOPLeader,"With @POTUS‚Äô signature, websites like https://t.co/bcj0YZbPYF and other online platforms for the modern slave trade‚Ä¶ https://t.co/riwAigSQkF"
Republican,GOPLeader,"RT @RepDonBacon: The 115th Congress has made ending human trafficking a priority. In 2017, the House passed 17 bills that protect children,‚Ä¶"
Republican,GOPLeader,"Finally, the defense funding we need ‚¨áÔ∏è https://t.co/EujVgis2sl"
Republican,GOPLeader,"üëç ‚ÄúAmericans‚Äô views of national economic conditions continue to improve, with the share saying the economy is in go‚Ä¶ https://t.co/dhL688GZBN"
Republican,GOPLeader,"RT @AATHCGME: Thanks @GOPLeader for significantly increasing funding for teaching health centers, where the next generation of physicians l‚Ä¶"
Republican,GOPLeader,"RT @IvankaTrump: My OpEd on the importance of skills-based education and #WorkforceDevelopment in rebuilding our country‚Äôs #Infrastructure,‚Ä¶"
Republican,GOPLeader,It was great to meet you too @KyleKashuv! You‚Äôre doing amazing work. We need your voice and the voices of other stu‚Ä¶ https://t.co/LX30Z1sXVt
Republican,GOPLeader,"RT @KyleKashuv: Was an honor meeting with @GOPLeader. He is genuinely one of the funniest people I've ever met. 

We discussed many things,‚Ä¶"
Republican,GOPLeader,Today we sent a message to the world that America will not waver in the protection of its people and the defense of‚Ä¶ https://t.co/EGGrU0fVqY
Republican,GOPLeader,".@POTUS and this Congress are committed to rebuilding America‚Äôs infrastructure and in California, our water system‚Ä¶ https://t.co/2BrZbYfIcr"
Republican,GOPLeader,üëè Glad we got this done ‚Üì https://t.co/NacRWMTkDd
Republican,GOPLeader,RT @March_for_Life: Today is World Down Syndrome Day! RT if you believe EVERY life is valuable! #WDSD18 #downysndrome https://t.co/bS3xRpSf‚Ä¶
Republican,GOPLeader,"This legislation, sponsored by @RepAnnWagner and @RepMimiWalters, is the most significant anti-human trafficking le‚Ä¶ https://t.co/HqBdiDHASg"
Republican,GOPLeader,"RT @SusanWBrooks: Jordan McLinn is a young 2nd grade #Hoosier from Indy. When Jordan grows up, he hopes to be a firefighter or maybe even P‚Ä¶"
Republican,GOPLeader,"Have you heard Jordan McLinn‚Äôs story? He's battling Duchenne muscular dystrophy, and could benefit greatly from inc‚Ä¶ https://t.co/2HQxXMUYZZ"
Republican,GOPLeader,"The Federal Government may be closed but Congress is not. THE HOUSE WILL STILL VOTE TODAY. üëç

FYI ‚Üí Today in Bakers‚Ä¶ https://t.co/4MbjIzhI7O"
Republican,GOPLeader,"The rich soil and premier climate, coupled with a work ethic second-to-none, has positioned California as an agricu‚Ä¶ https://t.co/wgFsWXldM7"
Republican,GOPLeader,RT @realDonaldTrump: Our Nation was founded by farmers. Our independence was won by farmers. And our continent was tamed by farmers. Our fa‚Ä¶
Republican,GOPLeader,Nobody should be targeted and punished simply for helping expecting mothers with their pregnancy. I stand with‚Ä¶ https://t.co/tOHzrtw07C
Republican,GOPLeader,"RT @VP: Today on #AgDay we celebrate America‚Äôs farmers &amp; agriculture community who help feed the world, fuel our economy, and drive our suc‚Ä¶"
Republican,GOPLeader,Happy #NationalAgWeek to all of our farmers and producers across California. We are grateful for your persistent ha‚Ä¶ https://t.co/cEgMH6LQ5B
Republican,GOPLeader,.@POTUS' proposals to combat opioid addiction demonstrate that there is ample opportunity to reach a bipartisan con‚Ä¶ https://t.co/hW3X81CCrR
Republican,GOPLeader,RT @RepBost: Fraudsters preying upon our nation‚Äôs heroes for profit deserve to be punished to the full extent of the law. That's why the Ho‚Ä¶
Republican,GOPLeader,"As @POTUS said in his #SOTU, and as @VP has long advocated, NO ONE should have to look beyond the U.S. and our worl‚Ä¶ https://t.co/6iHqxSFjIB"
Republican,GOPLeader,"RT @FoxNews: TONIGHT on ""Justice,"" @JudgeJeanine is joined by @GOPLeader. Tune in at 9p ET on Fox News Channel! https://t.co/kGDnspJMLF"
Republican,GOPLeader,Russia's clear violation of British sovereignty was dangerous and wrong as was its use of a military-grade nerve ag‚Ä¶ https://t.co/9XWoimY1cT
Republican,GOPLeader,RT @realDonaldTrump: Today the House took major steps toward securing our schools by passing the STOP School Violence Act. We must put the‚Ä¶
Republican,GOPLeader,RT @HouseScience: The House recently passed 4 bipartisan @HouseScience bills to update &amp; upgrade facilities at the National Labs. These bil‚Ä¶
Republican,GOPLeader,"The House will not let this be the end. We will try again, pass legislation, and bring hope to those whose only des‚Ä¶ https://t.co/klDoesatN7"
Republican,GOPLeader,".@JerryBrownGov, no amount of political theater can hide the enormous flaws that plague #CAHSR. It‚Äôs time to scrap‚Ä¶ https://t.co/s216Rs5BhJ"
Republican,GOPLeader,"RT @RepMimiWalters: The California high-speed rail project has gone far off the tracks. According to a new report, the bullet train is now‚Ä¶"